Domain,Status,Attractiveness,Demand,Length,Sectors,Created,Expires,Registrar
one.gold,resell,132,44%,3,"Business,General,Media,Technology",15/09/2024 15:15,15/09/2029 15:15,"Chengdu West Dimension Digital Technology Co., Ltd."
tenth.gold,available,116,7%,5,Mathematics,,,
flat.gold,available,116,24%,4,"Construction,Real Estate",,,
zero.gold,resell,112,49%,4,Mathematics,25/07/2022 13:15,25/07/2026 13:15,"Chengdu West Dimension Digital Technology Co., Ltd."
eighth.gold,available,100,6%,6,Mathematics,,,
sixth.gold,available,100,8%,5,Mathematics,,,
third.gold,available,100,16%,5,Mathematics,,,
ninth.gold,available,100,9%,5,Mathematics,,,
twentieth.gold,available,92,3%,9,Mathematics,,,
nought.gold,available,92,4%,6,Mathematics,,,
leash.gold,available,90,7%,5,"General,Health and Fitness,Retail",,,
sixteen.gold,available,88,11%,7,Mathematics,,,
fifteen.gold,available,88,13%,7,Mathematics,,,
eleven.gold,expired,88,33%,6,Mathematics,06/06/2024 11:44,06/06/2025 11:44,"GoDaddy.com, LLC"
ace.gold,available,88,34%,3,Sports,,,
hundred.gold,available,88,14%,7,Mathematics,,,
ten.gold,available,88,28%,3,"General,Mathematics",,,
twelve.gold,available,88,18%,6,"General,Mathematics",,,
three.gold,resell,88,24%,5,Mathematics,24/04/2018 14:43,24/04/2030 14:43,"Chengdu West Dimension Digital Technology Co., Ltd."
xiv.gold,available,86,12%,3,Mathematics,,,
xix.gold,available,86,11%,3,Mathematics,,,
thirteen.gold,available,84,10%,8,Mathematics,,,
twentytwo.gold,available,84,11%,10,Mathematics,,,
nineteen.gold,available,84,8%,8,Mathematics,,,
twentyone.gold,available,84,13%,10,Mathematics,,,
seventeen.gold,available,84,7%,9,Mathematics,,,
thousand.gold,available,84,8%,8,Mathematics,,,
fourteen.gold,available,84,8%,8,Mathematics,,,
fivesome.gold,available,82,1%,8,Sports,,,
dozen.gold,available,82,10%,5,Mathematics,,,
decade.gold,available,82,10%,6,Mathematics,,,
twenty.gold,available,80,12%,6,Mathematics,,,
first.gold,resell,80,36%,5,"General,Mathematics",25/02/2016 16:46,25/02/2030 16:46,Xin Net Technology Corporation
yard.gold,resell,80,26%,4,"Construction,General",06/04/2020 23:26,06/04/2026 23:26,"DNSPod, Inc."
two.gold,resell,80,24%,3,Mathematics,27/12/2024 15:15,27/12/2025 15:15,"Sav.com, LLC - 36"
nine.gold,resell,80,24%,4,"General,Mathematics",02/11/2024 17:00,02/11/2025 17:00,"Xiamen ChinaSource Internet Service Co., Ltd"
forty.gold,available,80,9%,5,Mathematics,,,
seventh.gold,available,80,10%,7,Mathematics,,,
trio.gold,available,80,21%,4,Entertainment,,,
sixtynine.gold,available,78,8%,10,Mathematics,,,
twentysix.gold,available,78,8%,10,Mathematics,,,
hundredth.gold,available,76,1%,9,Mathematics,,,
nineteenth.gold,available,76,3%,10,Mathematics,,,
thousandth.gold,available,76,1%,10,Mathematics,,,
eighteen.gold,available,76,7%,8,Mathematics,,,
fifteenth.gold,available,76,2%,9,Mathematics,,,
fourteenth.gold,available,76,1%,10,Mathematics,,,
thirteenth.gold,available,76,4%,10,Mathematics,,,
threed.gold,available,76,7%,7,Technology,,,
firstrate.gold,available,76,6%,10,Business,,,
sixtieth.gold,available,72,1%,8,Mathematics,,,
trinity.gold,available,72,18%,7,Religion,,,
seventieth.gold,available,72,1%,10,Mathematics,,,
ninetieth.gold,available,72,1%,9,Mathematics,,,
eightieth.gold,available,72,1%,9,Mathematics,,,
ternary.gold,available,72,7%,7,Mathematics,,,
trey.gold,available,72,14%,4,Sports,,,
thirtieth.gold,available,68,1%,9,Mathematics,,,
septenary.gold,available,68,1%,9,Mathematics,,,
foursome.gold,available,68,4%,8,Sports,,,
ennead.gold,available,68,5%,6,Mathematics,,,
threesome.gold,available,68,5%,9,Entertainment,,,
ane.gold,available,68,12%,3,Mathematics,,,
fiftieth.gold,available,68,0%,8,Mathematics,,,
sevener.gold,available,68,1%,7,Mathematics,,,
fortieth.gold,available,68,0%,8,Mathematics,,,
octonary.gold,available,68,1%,8,Mathematics,,,
xiii.gold,available,66,9%,4,Mathematics,,,
sextet.gold,available,66,1%,6,Entertainment,,,
clv.gold,available,66,10%,3,Mathematics,,,
deuce.gold,available,66,9%,5,Sports,,,
xii.gold,available,66,10%,3,Mathematics,,,
five.gold,resell,66,26%,4,Mathematics,06/01/2019 12:13,06/01/2026 12:13,"Chengdu West Dimension Digital Technology Co., Ltd."
fifty.gold,available,66,12%,5,Mathematics,,,
eighty.gold,available,66,6%,6,Mathematics,,,
xxii.gold,available,66,6%,4,Mathematics,,,
acappella.gold,available,66,6%,10,Entertainment,,,
xxv.gold,available,66,6%,3,Mathematics,,,
century.gold,resell,66,17%,7,Education,13/01/2019 14:15,13/01/2026 14:15,"Xiamen ChinaSource Internet Service Co., Ltd"
xxvi.gold,available,66,3%,4,Mathematics,,,
xvi.gold,available,66,5%,3,Mathematics,,,
xxi.gold,available,66,10%,3,Mathematics,,,
tenner.gold,available,66,5%,6,Finance,,,
xvii.gold,available,66,5%,4,Mathematics,,,
four.gold,available,66,27%,4,Mathematics,,,
xviii.gold,available,66,5%,5,Mathematics,,,
onec.gold,available,66,6%,5,Mathematics,,,
chiliad.gold,available,62,2%,7,Mathematics,,,
fortyfour.gold,available,62,6%,10,Mathematics,,,
troika.gold,available,62,8%,6,Politics,,,
eighteenth.gold,available,62,1%,10,Mathematics,,,
eleventh.gold,available,62,5%,8,Mathematics,,,
twodozen.gold,available,62,1%,9,Mathematics,,,
longdozen.gold,available,62,2%,10,Mathematics,,,
quartet.gold,available,62,7%,7,"Arts,Entertainment",,,
sixteenth.gold,available,62,1%,9,Mathematics,,,
cxxxv.gold,available,60,2%,5,Mathematics,,,
cxlv.gold,available,60,2%,4,Mathematics,,,
clxxx.gold,available,60,1%,5,Mathematics,,,
clxx.gold,available,60,3%,4,Mathematics,,,
cxxx.gold,available,60,4%,4,Mathematics,,,
eightysix.gold,available,60,7%,10,Mathematics,,,
clx.gold,available,60,10%,3,Mathematics,,,
cxx.gold,available,60,10%,3,Mathematics,,,
tertiary.gold,available,60,4%,8,Education,,,
cxv.gold,available,60,4%,3,Mathematics,,,
cxxv.gold,available,60,1%,4,Mathematics,,,
xcl.gold,available,60,5%,3,Mathematics,,,
clxxv.gold,available,60,1%,5,Mathematics,,,
thou.gold,available,60,7%,4,Mathematics,,,
clxv.gold,available,60,1%,4,Mathematics,,,
cxl.gold,available,60,7%,3,Mathematics,,,
lxxx.gold,available,58,2%,4,Mathematics,,,
fourscore.gold,available,58,4%,9,Mathematics,,,
super.gold,resell,58,47%,5,Business,21/02/2018 08:04,21/02/2026 08:04,"Chengdu West Dimension Digital Technology Co., Ltd."
octad.gold,available,58,5%,5,Mathematics,,,
twelfth.gold,available,58,2%,7,Mathematics,,,
niner.gold,available,58,5%,5,Mathematics,,,
tetrad.gold,available,58,5%,6,Mathematics,,,
sextuplet.gold,available,58,1%,9,Healthcare,,,
centesimal.gold,available,58,1%,10,Mathematics,,,
seventy.gold,available,58,7%,7,Mathematics,,,
cypher.gold,available,58,29%,6,Mathematics,,,
eighter.gold,available,58,2%,7,Mathematics,,,
seven.gold,resell,58,36%,5,Mathematics,06/01/2021 19:47,06/01/2026 19:47,"Chengdu West Dimension Digital Technology Co., Ltd."
fifth.gold,available,58,12%,5,Mathematics,,,
fourth.gold,available,58,13%,6,Mathematics,,,
hexad.gold,available,58,4%,5,Mathematics,,,
pentad.gold,available,58,2%,6,Mathematics,,,
heptad.gold,available,58,1%,6,Mathematics,,,
alacarte.gold,available,58,11%,10,Food and Beverage,,,
sixtyone.gold,available,58,3%,9,Mathematics,,,
xxviii.gold,available,56,1%,6,Mathematics,,,
fiftysix.gold,available,56,4%,9,Mathematics,,,
liii.gold,available,56,4%,4,Mathematics,,,
thirtytwo.gold,available,56,5%,10,Mathematics,,,
fortysix.gold,available,56,3%,9,Mathematics,,,
xxix.gold,available,56,4%,4,Mathematics,,,
thirtyone.gold,available,56,5%,10,Mathematics,,,
xxiv.gold,available,56,5%,4,Mathematics,,,
xlvi.gold,available,56,3%,4,Mathematics,,,
xlii.gold,available,56,5%,4,Mathematics,,,
fiftytwo.gold,available,56,6%,9,Mathematics,,,
fiftyfour.gold,available,56,3%,10,Mathematics,,,
lviii.gold,available,56,1%,5,Mathematics,,,
lii.gold,available,56,7%,3,Mathematics,,,
fortytwo.gold,available,56,17%,9,Mathematics,,,
fiftyfive.gold,available,56,7%,10,Mathematics,,,
thirtysix.gold,available,56,5%,10,Mathematics,,,
xxxvi.gold,available,56,1%,5,Mathematics,,,
fortyone.gold,available,56,4%,9,Mathematics,,,
xliii.gold,available,56,1%,5,Mathematics,,,
xlvii.gold,available,56,2%,5,Mathematics,,,
xxxii.gold,available,56,1%,5,Mathematics,,,
xxxi.gold,available,56,9%,4,Mathematics,,,
xlviii.gold,available,56,1%,6,Mathematics,,,
fiftynine.gold,available,56,4%,10,Mathematics,,,
xxxvii.gold,available,56,2%,6,Mathematics,,,
xxxviii.gold,available,56,1%,7,Mathematics,,,
ilx.gold,available,56,5%,3,Mathematics,,,
fortynine.gold,available,56,3%,10,Mathematics,,,
lvi.gold,available,56,8%,3,Mathematics,,,
xxvii.gold,available,56,3%,5,Mathematics,,,
xxxv.gold,available,56,4%,4,Mathematics,,,
xxxiv.gold,available,56,1%,5,Mathematics,,,
lvii.gold,available,56,1%,4,Mathematics,,,
halfdozen.gold,available,56,1%,10,Mathematics,,,
xxiii.gold,available,56,5%,5,Mathematics,,,
xliv.gold,available,56,2%,4,Mathematics,,,
fiftyone.gold,available,56,7%,9,Mathematics,,,
xxxiii.gold,available,56,2%,6,Mathematics,,,
xlv.gold,available,56,6%,3,Mathematics,,,
threescore.gold,available,54,1%,10,Mathematics,,,
fortyfive.gold,available,54,4%,10,Mathematics,,,
quatern.gold,available,54,2%,7,Mathematics,,,
topnotch.gold,available,54,18%,8,Business,,,
deuceace.gold,available,54,2%,9,Sports,,,
quaternion.gold,available,54,6%,10,Mathematics,,,
quaternity.gold,available,54,4%,10,Mathematics,,,
twoscore.gold,available,54,2%,8,Mathematics,,,
viii.gold,available,54,6%,4,Mathematics,,,
lxxvii.gold,available,52,2%,6,Mathematics,,,
lxxxii.gold,available,52,1%,6,Mathematics,,,
lxviii.gold,available,52,1%,6,Mathematics,,,
xcv.gold,available,52,7%,3,Mathematics,,,
xciv.gold,available,52,2%,4,Mathematics,,,
lxxiv.gold,available,52,1%,5,Mathematics,,,
lxxii.gold,available,52,1%,5,Mathematics,,,
lxxi.gold,available,52,1%,4,Mathematics,,,
lxvi.gold,available,52,3%,4,Mathematics,,,
ixl.gold,available,52,9%,3,Mathematics,,,
xcii.gold,available,52,2%,4,Mathematics,,,
lxxxv.gold,available,52,1%,5,Mathematics,,,
lxxxvi.gold,available,52,1%,6,Mathematics,,,
lxi.gold,available,52,5%,3,Mathematics,,,
lxvii.gold,available,52,1%,5,Mathematics,,,
sixtysix.gold,available,52,4%,9,Mathematics,,,
xcviii.gold,available,52,1%,6,Mathematics,,,
sixtyfour.gold,available,52,3%,10,Mathematics,,,
sixtyfive.gold,available,52,3%,10,Mathematics,,,
ninetytwo.gold,available,52,4%,10,Mathematics,,,
xci.gold,available,52,4%,3,Mathematics,,,
lxxxiii.gold,available,52,1%,7,Mathematics,,,
lxxxi.gold,available,52,1%,5,Mathematics,,,
lxii.gold,available,52,1%,4,Mathematics,,,
lxxv.gold,available,52,1%,4,Mathematics,,,
ixc.gold,available,52,5%,3,Mathematics,,,
ninetysix.gold,available,52,4%,10,Mathematics,,,
lxxxvii.gold,available,52,1%,7,Mathematics,,,
lxxiii.gold,available,52,1%,6,Mathematics,,,
lxiii.gold,available,52,2%,5,Mathematics,,,
lxv.gold,available,52,5%,3,Mathematics,,,
xciii.gold,available,52,1%,5,Mathematics,,,
lxxxiv.gold,available,52,1%,6,Mathematics,,,
xcvii.gold,available,52,1%,5,Mathematics,,,
lxxvi.gold,available,52,1%,5,Mathematics,,,
lxiv.gold,available,52,3%,4,Mathematics,,,
ninetyone.gold,available,52,5%,10,Mathematics,,,
eightyone.gold,available,52,3%,10,Mathematics,,,
eightytwo.gold,available,52,4%,10,Mathematics,,,
sixtytwo.gold,available,52,3%,9,Mathematics,,,
xcvi.gold,available,52,2%,4,Mathematics,,,
cinque.gold,available,50,7%,6,Mathematics,,,
ogdoad.gold,available,50,1%,6,Mathematics,,,
triplet.gold,available,50,8%,7,Science,,,
lxx.gold,available,50,5%,3,Mathematics,,,
lxxxviii.gold,available,48,1%,8,Mathematics,,,
quaternary.gold,available,46,3%,10,Mathematics,,,